,Year,Quarter,GDP,temp_avg,temp_high_max,precip_total,humidity_avg,visibility,wind,rainy_days,snowy_days,foggy_days,has_christmas,has_thanksgiving,has_mothers_day,has_fathers_day,has_valentines,has_easter,has_new_year,has_halloween,has_independence_day,has_labor_day,has_memorial_day,has_presidents_day,WomenClothing
20,2014,1,17197.738,0.47191011235955055,19.0,288.36,54.98876404494382,13.481481481481481,10.814814814814815,19,15,12,0,0,0,0,1,0,1,0,0,0,0,1,
21,2014,2,17518.508,17.164835164835164,32.0,422.69,58.714285714285715,13.67032967032967,8.010989010989011,34,3,6,0,0,1,1,0,1,0,0,0,0,1,0,
22,2014,3,17804.228,23.23913043478261,33.0,229.9,62.23913043478261,14.619565217391305,8.130434782608695,24,0,4,0,0,0,0,0,0,0,0,1,1,0,0,
23,2014,4,17912.079,9.521739130434783,25.0,414.57,60.98913043478261,13.956521739130435,9.26086956521739,37,5,5,1,1,0,0,0,0,1,1,0,0,0,0,
