Year,Sales
1,2250.5933
2,486.44214
3,821.16516
4,2490.2473
5,513.6149
6,972.6013
7,3091.5464
8,608.4387
9,1073.8707
10,3359.9492
11,670.56165
12,1114.2671
13,3388.255
14,680.8299
15,1099.3951
16,3135.2537
17,651.0258
18,1049.6685
19,2878.9045
20,605.8782
21,994.8402
22,2887.1758
23,602.04535
24,966.0301
25,2925.6897
26,595.746
27,987.3867
28,3013.276
29,608.304
30,1069.6163
31,3283.034
32,707.1714
33,1207.1144
34,4385.3643
35,1032.393
36,1379.467
