Year,Sales
1,2232.2532
2,462.5892
3,794.0186
4,2695.1704
5,559.1054
6,936.59186
7,3066.885
8,633.52826
9,1031.3795
10,3250.068
11,675.90234
12,1068.617
13,3252.6455
14,684.8603
15,1053.9596
16,3130.9348
17,667.9882
18,1006.96875
19,2974.558
20,639.7931
21,955.86896
22,2882.425
23,617.8167
24,929.9861
25,2936.232
26,617.9336
27,951.8888
28,3178.57
29,650.0991
30,1031.3419
31,3601.5376
32,723.3305
33,1162.6896
34,4148.806
35,1032.8518
36,1326.3708
