Year,Sales
1,3047.4639
2,595.6092
3,1069.6237
4,3057.6377
5,609.3826
6,1121.9146
7,3061.0293
8,615.4829
9,1144.6047
10,3060.8455
11,615.5188
12,1140.1926
13,3061.25
14,612.7243
15,1118.4387
16,3066.2495
17,611.0917
18,1093.7504
19,3078.6191
20,614.3018
21,1081.3209
22,3099.1592
23,624.7384
24,1093.0593
25,3126.4814
26,642.84827
27,1134.3982
28,3157.3792
29,739.68854
30,1202.8396
31,3187.689
32,870.65717
33,1288.6226
34,3213.4033
35,992.34033
36,1377.34
