Year,Sales(In ThousandDollars)
1,3179.7427
2,661.8058
3,1059.4746
4,3186.4583
5,663.152
6,1061.6229
7,3190.5278
8,663.9663
9,1062.8585
10,3193.2393
11,664.51166
12,1063.605
13,3196.2441
14,665.1234
15,1064.4174
16,3201.1155
17,666.1188
18,1065.8325
19,3208.9255
20,667.7122
21,1068.2263
22,3219.9602
23,669.95807
24,1071.712
25,3233.6414
26,672.73584
27,1076.1105
28,3248.6802
29,675.7824
30,1080.9983
31,3263.4258
32,678.76276
33,1085.8201
34,3276.3047
35,681.3594
36,1090.0388
